departamento,municipio
AMAZONAS,LETICIA
AMAZONAS,MIRITÍ - PARANÁ
AMAZONAS,TARAPACÁ
AMAZONAS,LA CHORRERA
AMAZONAS,PUERTO NARIÑO
AMAZONAS,EL ENCANTO
AMAZONAS,LA PEDRERA
ANTIOQUIA,OLAYA
ANTIOQUIA,CAROLINA
ANTIOQUIA,PUERTO TRIUNFO
ANTIOQUIA,GIRARDOTA
ANTIOQUIA,CÁCERES
ANTIOQUIA,AMALFI
ANTIOQUIA,YALÍ
ANTIOQUIA,SABANETA
ANTIOQUIA,AMAGÁ
ANTIOQUIA,VALDIVIA
ANTIOQUIA,COPACABANA
ANTIOQUIA,CAUCASIA
ANTIOQUIA,PEÑOL
ANTIOQUIA,TITIRIBÍ
ANTIOQUIA,SAN PEDRO DE URABÁ
ANTIOQUIA,SAN PEDRO DE LOS MILAGROS
ANTIOQUIA,SAN ROQUE
ANTIOQUIA,ANZÁ
ANTIOQUIA,ANGOSTURA
ANTIOQUIA,SAN JOSÉ DE LA MONTAÑA
ANTIOQUIA,TÁMESIS
ANTIOQUIA,MEDELLÍN
ANTIOQUIA,PUEBLORRICO
ANTIOQUIA,PEQUE
ANTIOQUIA,GUARNE
ANTIOQUIA,BELLO
ANTIOQUIA,APARTADÓ
ANTIOQUIA,SONSÓN
ANTIOQUIA,SANTO DOMINGO
ANTIOQUIA,MONTEBELLO
ANTIOQUIA,EL CARMEN DE VIBORAL
ANTIOQUIA,SEGOVIA
ANTIOQUIA,YARUMAL
ANTIOQUIA,CAICEDO
ANTIOQUIA,ZARAGOZA
ANTIOQUIA,LA CEJA
ANTIOQUIA,EL BAGRE
ANTIOQUIA,GÓMEZ PLATA
ANTIOQUIA,CISNEROS
ANTIOQUIA,FREDONIA
ANTIOQUIA,NECHÍ
ANTIOQUIA,SAN JERÓNIMO
ANTIOQUIA,JARDÍN
ANTIOQUIA,ITUANGO
ANTIOQUIA,EL SANTUARIO
ANTIOQUIA,CARAMANTA
ANTIOQUIA,CARACOLÍ
ANTIOQUIA,COCORNÁ
ANTIOQUIA,BURITICÁ
ANTIOQUIA,SAN RAFAEL
ANTIOQUIA,TARSO
ANTIOQUIA,DONMATÍAS
ANTIOQUIA,ANDES
ANTIOQUIA,CAÑASGORDAS
ANTIOQUIA,BETANIA
ANTIOQUIA,REMEDIOS
ANTIOQUIA,SAN VICENTE FERRER
ANTIOQUIA,PUERTO NARE
ANTIOQUIA,ENVIGADO
ANTIOQUIA,ITAGÜÍ
ANTIOQUIA,GIRALDO
ANTIOQUIA,CAMPAMENTO
ANTIOQUIA,URAMITA
ANTIOQUIA,GUATAPÉ
ANTIOQUIA,LA PINTADA
ANTIOQUIA,EBÉJICO
ANTIOQUIA,MUTATÁ
ANTIOQUIA,VIGÍA DEL FUERTE
ANTIOQUIA,NECOCLÍ
ANTIOQUIA,PUERTO BERRÍO
ANTIOQUIA,HELICONIA
ANTIOQUIA,RETIRO
ANTIOQUIA,ABEJORRAL
ANTIOQUIA,BELMIRA
ANTIOQUIA,LA ESTRELLA
ANTIOQUIA,ENTRERRÍOS
ANTIOQUIA,SAN ANDRÉS DE CUERQUÍA
ANTIOQUIA,ARBOLETES
ANTIOQUIA,LIBORINA
ANTIOQUIA,YOLOMBÓ
ANTIOQUIA,SALGAR
ANTIOQUIA,MARINILLA
ANTIOQUIA,ANGELÓPOLIS
ANTIOQUIA,CAREPA
ANTIOQUIA,FRONTINO
ANTIOQUIA,SAN JUAN DE URABÁ
ANTIOQUIA,ABRIAQUÍ
ANTIOQUIA,URRAO
ANTIOQUIA,MACEO
ANTIOQUIA,TARAZÁ
ANTIOQUIA,CHIGORODÓ
ANTIOQUIA,SANTA FÉ DE ANTIOQUIA
ANTIOQUIA,SOPETRÁN
ANTIOQUIA,MURINDÓ
ANTIOQUIA,YONDÓ
ANTIOQUIA,TURBO
ANTIOQUIA,VEGACHÍ
ANTIOQUIA,ANORÍ
ANTIOQUIA,CIUDAD BOLÍVAR
ANTIOQUIA,ALEJANDRÍA
ANTIOQUIA,HISPANIA
ANTIOQUIA,SANTA ROSA DE OSOS
ANTIOQUIA,DABEIBA
ARAUCA,FORTUL
ARAUCA,CRAVO NORTE
ARAUCA,SARAVENA
ARAUCA,ARAUCA
ARAUCA,ARAUQUITA
ARAUCA,PUERTO RONDÓN
ARAUCA,TAME
ATLANTICO,GALAPA
ATLANTICO,BARRANQUILLA
ATLANTICO,POLONUEVO
ATLANTICO,MANATÍ
ATLANTICO,SABANAGRANDE
ATLANTICO,SANTA LUCÍA
ATLANTICO,JUAN DE ACOSTA
ATLANTICO,PALMAR DE VARELA
ATLANTICO,USIACURÍ
ATLANTICO,TUBARÁ
ATLANTICO,SUAN
ATLANTICO,CAMPO DE LA CRUZ
ATLANTICO,MALAMBO
ATLANTICO,LURUACO
ATLANTICO,BARANOA
ATLANTICO,PIOJÓ
ATLANTICO,REPELÓN
ATLANTICO,PONEDERA
ATLANTICO,SANTO TOMÁS
ATLANTICO,PUERTO COLOMBIA
ATLANTICO,SOLEDAD
BOGOTÁ D.C.,BOGOTÁ D.C.
BOLIVAR,RÍO VIEJO
BOLIVAR,PINILLOS
BOLIVAR,CICUCO
BOLIVAR,SAN MARTÍN DE LOBA
BOLIVAR,NOROSÍ
BOLIVAR,MONTECRISTO
BOLIVAR,HATILLO DE LOBA
BOLIVAR,MAHATES
BOLIVAR,TIQUISIO
BOLIVAR,BARRANCO DE LOBA
BOLIVAR,ZAMBRANO
BOLIVAR,MOMPÓS
BOLIVAR,CANTAGALLO
BOLIVAR,REGIDOR
BOLIVAR,ARENAL
BOLIVAR,MAGANGUÉ
BOLIVAR,TURBANÁ
BOLIVAR,MARGARITA
BOLIVAR,SAN ESTANISLAO
BOLIVAR,SAN FERNANDO
BOLIVAR,SANTA CATALINA
BOLIVAR,ACHÍ
BOLIVAR,CARTAGENA DE INDIAS
BOLIVAR,EL CARMEN DE BOLÍVAR
BOLIVAR,ARJONA
BOLIVAR,EL GUAMO
BOLIVAR,TURBACO
BOLIVAR,SAN JUAN NEPOMUCENO
BOLIVAR,CLEMENCIA
BOLIVAR,SAN CRISTÓBAL
BOLIVAR,SAN JACINTO DEL CAUCA
BOLIVAR,SIMITÍ
BOLIVAR,SAN JACINTO
BOLIVAR,ALTOS DEL ROSARIO
BOLIVAR,MARÍA LA BAJA
BOLIVAR,SOPLAVIENTO
BOLIVAR,ARROYOHONDO
BOLIVAR,TALAIGUA NUEVO
BOLIVAR,SANTA ROSA DEL SUR
BOYACA,CIÉNEGA
BOYACA,SAN PABLO DE BORBUR
BOYACA,BUSBANZÁ
BOYACA,TUTAZÁ
BOYACA,OICATÁ
BOYACA,SOGAMOSO
BOYACA,TASCO
BOYACA,NOBSA
BOYACA,SAN MIGUEL DE SEMA
BOYACA,SAN LUIS DE GACENO
BOYACA,SAMACÁ
BOYACA,IZA
BOYACA,DUITAMA
BOYACA,BERBEO
BOYACA,VIRACACHÁ
BOYACA,TÓPAGA
BOYACA,VENTAQUEMADA
BOYACA,TOGÜÍ
BOYACA,SORACÁ
BOYACA,TUTA
BOYACA,RONDÓN
BOYACA,PAUNA
BOYACA,ZETAQUIRA
BOYACA,ÚMBITA
BOYACA,SOCOTÁ
BOYACA,PACHAVITA
BOYACA,PAYA
BOYACA,SIACHOQUE
BOYACA,BOAVITA
BOYACA,CALDAS
BOYACA,GUATEQUE
BOYACA,SATIVASUR
BOYACA,CHIVOR
BOYACA,JENESANO
BOYACA,PANQUEBA
BOYACA,GACHANTIVÁ
BOYACA,LA UVITA
BOYACA,SATIVANORTE
BOYACA,MONGUÍ
BOYACA,TOTA
BOYACA,TENZA
BOYACA,FIRAVITOBA
BOYACA,TUNUNGUÁ
BOYACA,CORRALES
BOYACA,OTANCHE
BOYACA,CUÍTIVA
BOYACA,MONIQUIRÁ
BOYACA,CHITA
BOYACA,EL ESPINO
BOYACA,LA CAPILLA
BOYACA,CAMPOHERMOSO
BOYACA,CÓMBITA
BOYACA,CERINZA
BOYACA,TIBANÁ
BOYACA,MACANAL
BOYACA,SOCHA
BOYACA,MARIPÍ
BOYACA,PUERTO BOYACÁ
BOYACA,ALMEIDA
BOYACA,PAIPA
BOYACA,TUNJA
BOYACA,SÁCHICA
BOYACA,GUAYATÁ
BOYACA,FLORESTA
BOYACA,SABOYÁ
BOYACA,ARCABUCO
BOYACA,CHIQUINQUIRÁ
BOYACA,CHÍQUIZA
BOYACA,COPER
BOYACA,COVARACHÍA
BOYACA,BOYACÁ
BOYACA,SORA
BOYACA,SANTA ROSA DE VITERBO
BOYACA,GÁMEZA
BOYACA,SOMONDOCO
BOYACA,TINJACÁ
BOYACA,SUSACÓN
BOYACA,CHISCAS
BOYACA,MUZO
BOYACA,PISBA
BOYACA,TOCA
BOYACA,RAMIRIQUÍ
BOYACA,AQUITANIA
BOYACA,JERICÓ
BOYACA,CUCAITA
BOYACA,SANTANA
BOYACA,BRICEÑO
BOYACA,NUEVO COLÓN
BOYACA,CHITARAQUE
BOYACA,SAN JOSÉ DE PARE
BOYACA,MONGUA
BOYACA,SANTA SOFÍA
BOYACA,SAN EDUARDO
BOYACA,SOATÁ
BOYACA,GÜICÁN DE LA SIERRA
BOYACA,CHINAVITA
BOYACA,RÁQUIRA
BOYACA,SUTATENZA
BOYACA,SOTAQUIRÁ
BOYACA,PAZ DE RÍO
BOYACA,VILLA DE LEYVA
BOYACA,BETÉITIVA
BOYACA,TIBASOSA
BOYACA,TURMEQUÉ
BOYACA,GARAGOA
BOYACA,SAN MATEO
BOYACA,EL COCUY
BOYACA,GUACAMAYAS
BOYACA,LABRANZAGRANDE
BOYACA,CHIVATÁ
BOYACA,CUBARÁ
BOYACA,TIPACOQUE
BOYACA,QUÍPAMA
BOYACA,SUTAMARCHÁN
BOYACA,PAJARITO
BOYACA,MOTAVITA
BOYACA,PESCA
CALDAS,CHINCHINÁ
CALDAS,VITERBO
CALDAS,MANIZALES
CALDAS,AGUADAS
CALDAS,VILLAMARÍA
CALDAS,NEIRA
CALDAS,SUPÍA
CALDAS,VICTORIA
CALDAS,RISARALDA
CALDAS,MARMATO
CALDAS,ARANZAZU
CALDAS,PÁCORA
CALDAS,MARQUETALIA
CALDAS,SAN JOSÉ
CALDAS,NORCASIA
CALDAS,LA DORADA
CALDAS,FILADELFIA
CALDAS,PENSILVANIA
CALDAS,SAMANÁ
CALDAS,MANZANARES
CALDAS,LA MERCED
CALDAS,ANSERMA
CALDAS,BELALCÁZAR
CALDAS,MARULANDA
CAQUETA,SOLITA
CAQUETA,MILÁN
CAQUETA,MORELIA
CAQUETA,SOLANO
CAQUETA,EL DONCELLO
CAQUETA,CARTAGENA DEL CHAIRÁ
CAQUETA,CURILLO
CAQUETA,EL PAUJÍL
CAQUETA,LA MONTAÑITA
CAQUETA,BELÉN DE LOS ANDAQUÍES
CAQUETA,VALPARAÍSO
CAQUETA,SAN JOSÉ DEL FRAGUA
CAQUETA,SAN VICENTE DEL CAGUÁN
CASANARE,RECETOR
CASANARE,NUNCHÍA
CASANARE,PAZ DE ARIPORO
CASANARE,PORE
CASANARE,YOPAL
CASANARE,TRINIDAD
CASANARE,LA SALINA
CASANARE,TAURAMENA
CASANARE,OROCUÉ
CASANARE,TÁMARA
CASANARE,MONTERREY
CASANARE,SÁCAMA
CASANARE,AGUAZUL
CASANARE,SAN LUIS DE PALENQUE
CASANARE,SABANALARGA
CASANARE,HATO COROZAL
CASANARE,MANÍ
CASANARE,CHÁMEZA
CAUCA,CALOTO
CAUCA,CORINTO
CAUCA,TIMBIQUÍ
CAUCA,PÁEZ
CAUCA,TOTORÓ
CAUCA,SILVIA
CAUCA,PIENDAMÓ - TUNÍA
CAUCA,BUENOS AIRES
CAUCA,FLORENCIA
CAUCA,TORIBÍO
CAUCA,PUERTO TEJADA
CAUCA,PIAMONTE
CAUCA,JAMBALÓ
CAUCA,VILLA RICA
CAUCA,SOTARA
CAUCA,PADILLA
CAUCA,LÓPEZ DE MICAY
CAUCA,PATÍA
CAUCA,INZÁ
CAUCA,SANTA ROSA
CAUCA,CAJIBÍO
CAUCA,CALDONO
CAUCA,GUAPÍ
CAUCA,ALMAGUER
CAUCA,MORALES
CAUCA,TIMBÍO
CAUCA,MERCADERES
CAUCA,ROSAS
CAUCA,GUACHENÉ
CAUCA,MIRANDA
CAUCA,LA SIERRA
CAUCA,SAN SEBASTIÁN
CAUCA,POPAYÁN
CAUCA,PURACÉ
CAUCA,SANTANDER DE QUILICHAO
CESAR,LA GLORIA
CESAR,SAN ALBERTO
CESAR,ASTREA
CESAR,CHIRIGUANÁ
CESAR,PUEBLO BELLO
CESAR,GAMARRA
CESAR,BECERRIL
CESAR,AGUACHICA
CESAR,MANAURE BALCÓN DEL CESAR
CESAR,TAMALAMEQUE
CESAR,PELAYA
CESAR,CHIMICHAGUA
CESAR,GONZÁLEZ
CESAR,BOSCONIA
CESAR,SAN DIEGO
CESAR,EL PASO
CESAR,VALLEDUPAR
CESAR,AGUSTÍN CODAZZI
CESAR,CURUMANÍ
CESAR,EL COPEY
CESAR,PAILITAS
CESAR,LA JAGUA DE IBIRICO
CESAR,RÍO DE ORO
CHOCO,TADÓ
CHOCO,ISTMINA
CHOCO,MEDIO SAN JUAN
CHOCO,QUIBDÓ
CHOCO,ACANDÍ
CHOCO,ALTO BAUDÓ
CHOCO,MEDIO BAUDÓ
CHOCO,EL CARMEN DE ATRATO
CHOCO,UNGUÍA
CHOCO,EL LITORAL DEL SAN JUAN
CHOCO,CÉRTEGUI
CHOCO,EL CANTÓN DEL SAN PABLO
CHOCO,NÓVITA
CHOCO,LLORÓ
CHOCO,ATRATO
CHOCO,NUQUÍ
CHOCO,SAN JOSÉ DEL PALMAR
CHOCO,UNIÓN PANAMERICANA
CHOCO,MEDIO ATRATO
CHOCO,BOJAYÁ
CHOCO,CARMEN DEL DARIÉN
CHOCO,SIPÍ
CHOCO,RÍO IRÓ
CHOCO,BAGADÓ
CHOCO,JURADÓ
CHOCO,RIOSUCIO
CHOCO,BELÉN DE BAJIRÁ
CHOCO,BAHÍA SOLANO
CHOCO,RÍO QUITO
CHOCO,CONDOTO
CHOCO,BAJO BAUDÓ
CORDOBA,CANALETE
CORDOBA,PLANETA RICA
CORDOBA,LOS CÓRDOBAS
CORDOBA,AYAPEL
CORDOBA,TIERRALTA
CORDOBA,MONTERÍA
CORDOBA,CHINÚ
CORDOBA,VALENCIA
CORDOBA,CERETÉ
CORDOBA,MONTELÍBANO
CORDOBA,SAHAGÚN
CORDOBA,MOMIL
CORDOBA,PUERTO ESCONDIDO
CORDOBA,SAN BERNARDO DEL VIENTO
CORDOBA,SAN PELAYO
CORDOBA,SAN JOSÉ DE URÉ
CORDOBA,MOÑITOS
CORDOBA,PURÍSIMA DE LA CONCEPCIÓN
CORDOBA,TUCHÍN
CORDOBA,LA APARTADA
CORDOBA,LORICA
CORDOBA,CIÉNAGA DE ORO
CORDOBA,SAN CARLOS
CORDOBA,CHIMÁ
CORDOBA,SAN ANDRÉS DE SOTAVENTO
CORDOBA,COTORRA
CORDOBA,SAN ANTERO
CORDOBA,PUERTO LIBERTADOR
CORDOBA,PUEBLO NUEVO
CUNDINAMARCA,ANAPOIMA
CUNDINAMARCA,TOPAIPÍ
CUNDINAMARCA,CHÍA
CUNDINAMARCA,GUAYABETAL
CUNDINAMARCA,SOPÓ
CUNDINAMARCA,GACHANCIPÁ
CUNDINAMARCA,GUATAVITA
CUNDINAMARCA,ÚTICA
CUNDINAMARCA,VIOTÁ
CUNDINAMARCA,PASCA
CUNDINAMARCA,ZIPACÓN
CUNDINAMARCA,PULÍ
CUNDINAMARCA,LA PEÑA
CUNDINAMARCA,MADRID
CUNDINAMARCA,FUSAGASUGÁ
CUNDINAMARCA,PACHO
CUNDINAMARCA,GUTIÉRREZ
CUNDINAMARCA,TENJO
CUNDINAMARCA,VILLAPINZÓN
CUNDINAMARCA,EL COLEGIO
CUNDINAMARCA,CUCUNUBÁ
CUNDINAMARCA,VERGARA
CUNDINAMARCA,FÚQUENE
CUNDINAMARCA,CARMEN DE CARUPA
CUNDINAMARCA,GIRARDOT
CUNDINAMARCA,GUATAQUÍ
CUNDINAMARCA,VILLETA
CUNDINAMARCA,BOJACÁ
CUNDINAMARCA,PANDI
CUNDINAMARCA,GUADUAS
CUNDINAMARCA,PARATEBUENO
CUNDINAMARCA,TAUSA
CUNDINAMARCA,FÓMEQUE
CUNDINAMARCA,TOCANCIPÁ
CUNDINAMARCA,SUESCA
CUNDINAMARCA,CAPARRAPÍ
CUNDINAMARCA,SUBACHOQUE
CUNDINAMARCA,MACHETÁ
CUNDINAMARCA,CACHIPAY
CUNDINAMARCA,SAN JUAN DE RIOSECO
CUNDINAMARCA,ANOLAIMA
CUNDINAMARCA,SIMIJACA
CUNDINAMARCA,JERUSALÉN
CUNDINAMARCA,GAMA
CUNDINAMARCA,FOSCA
CUNDINAMARCA,LA CALERA
CUNDINAMARCA,SOACHA
CUNDINAMARCA,SASAIMA
CUNDINAMARCA,PUERTO SALGAR
CUNDINAMARCA,NILO
CUNDINAMARCA,TIBACUY
CUNDINAMARCA,NIMAIMA
CUNDINAMARCA,YACOPÍ
CUNDINAMARCA,SILVANIA
CUNDINAMARCA,VILLA DE SAN DIEGO DE UBATÉ
CUNDINAMARCA,CÁQUEZA
CUNDINAMARCA,NOCAIMA
CUNDINAMARCA,GUAYABAL DE SÍQUIMA
CUNDINAMARCA,SUSA
CUNDINAMARCA,SAN ANTONIO DEL TEQUENDAMA
CUNDINAMARCA,MANTA
CUNDINAMARCA,GUACHETÁ
CUNDINAMARCA,COTA
CUNDINAMARCA,GACHETÁ
CUNDINAMARCA,FACATATIVÁ
CUNDINAMARCA,VENECIA
CUNDINAMARCA,BITUIMA
CUNDINAMARCA,JUNÍN
CUNDINAMARCA,UBALÁ
CUNDINAMARCA,APULO
CUNDINAMARCA,VIANÍ
CUNDINAMARCA,SUPATÁ
CUNDINAMARCA,NEMOCÓN
CUNDINAMARCA,PAIME
CUNDINAMARCA,CAJICÁ
CUNDINAMARCA,TABIO
CUNDINAMARCA,UBAQUE
CUNDINAMARCA,AGUA DE DIOS
CUNDINAMARCA,MEDINA
CUNDINAMARCA,LA VEGA
CUNDINAMARCA,TENA
CUNDINAMARCA,LA MESA
CUNDINAMARCA,SESQUILÉ
CUNDINAMARCA,CHAGUANÍ
CUNDINAMARCA,SIBATÉ
CUNDINAMARCA,SUTATAUSA
CUNDINAMARCA,VILLAGÓMEZ
CUNDINAMARCA,TOCAIMA
CUNDINAMARCA,UNE
CUNDINAMARCA,BELTRÁN
CUNDINAMARCA,ZIPAQUIRÁ
CUNDINAMARCA,QUETAME
CUNDINAMARCA,TIBIRITA
CUNDINAMARCA,CHOCONTÁ
CUNDINAMARCA,LA PALMA
CUNDINAMARCA,LENGUAZAQUE
CUNDINAMARCA,ARBELÁEZ
CUNDINAMARCA,QUIPILE
CUNDINAMARCA,QUEBRADANEGRA
CUNDINAMARCA,CHOACHÍ
CUNDINAMARCA,EL ROSAL
CUNDINAMARCA,GACHALÁ
CUNDINAMARCA,GUASCA
CUNDINAMARCA,FUNZA
CUNDINAMARCA,COGUA
CUNDINAMARCA,CHIPAQUE
GUAINIA,MAPIRIPANA
GUAINIA,INÍRIDA
GUAINIA,BARRANCO MINAS
GUAINIA,MORICHAL
GUAINIA,SAN FELIPE
GUAJIRA,DIBULLA
GUAJIRA,BARRANCAS
GUAJIRA,MAICAO
GUAJIRA,MANAURE
GUAJIRA,EL MOLINO
GUAJIRA,RIOHACHA
GUAJIRA,URUMITA
GUAJIRA,LA JAGUA DEL PILAR
GUAJIRA,FONSECA
GUAJIRA,DISTRACCIÓN
GUAJIRA,URIBIA
GUAJIRA,SAN JUAN DEL CESAR
GUAJIRA,HATONUEVO
GUAVIARE,EL RETORNO
GUAVIARE,MIRAFLORES
GUAVIARE,CALAMAR
GUAVIARE,SAN JOSÉ DEL GUAVIARE
HUILA,ISNOS
HUILA,RIVERA
HUILA,ALGECIRAS
HUILA,PALERMO
HUILA,TESALIA
HUILA,TIMANÁ
HUILA,NÁTAGA
HUILA,GIGANTE
HUILA,HOBO
HUILA,PAICOL
HUILA,SALADOBLANCO
HUILA,NEIVA
HUILA,CAMPOALEGRE
HUILA,TARQUI
HUILA,VILLAVIEJA
HUILA,PITALITO
HUILA,PALESTINA
HUILA,LA ARGENTINA
HUILA,GARZÓN
HUILA,PITAL
HUILA,TERUEL
HUILA,AGRADO
HUILA,ÍQUIRA
HUILA,SANTA MARÍA
HUILA,YAGUARÁ
HUILA,SAN AGUSTÍN
HUILA,BARAYA
HUILA,ALTAMIRA
HUILA,LA PLATA
HUILA,AIPE
HUILA,COLOMBIA
HUILA,ELÍAS
HUILA,ACEVEDO
HUILA,OPORAPA
HUILA,SUAZA
HUILA,TELLO
MAGDALENA,SAN ZENÓN
MAGDALENA,CHIVOLO
MAGDALENA,ZONA BANANERA
MAGDALENA,SANTA BÁRBARA DE PINTO
MAGDALENA,SALAMINA
MAGDALENA,CIÉNAGA
MAGDALENA,ARACATACA
MAGDALENA,SANTA MARTA
MAGDALENA,EL PIÑÓN
MAGDALENA,FUNDACIÓN
MAGDALENA,SAN SEBASTIÁN DE BUENAVISTA
MAGDALENA,PIVIJAY
MAGDALENA,TENERIFE
MAGDALENA,EL RETÉN
MAGDALENA,EL BANCO
MAGDALENA,ZAPAYÁN
MAGDALENA,REMOLINO
MAGDALENA,CERRO DE SAN ANTONIO
MAGDALENA,SANTA ANA
MAGDALENA,PEDRAZA
MAGDALENA,ALGARROBO
MAGDALENA,SITIONUEVO
MAGDALENA,CONCORDIA
MAGDALENA,PUEBLOVIEJO
MAGDALENA,PLATO
MAGDALENA,PIJIÑO DEL CARMEN
MAGDALENA,SABANAS DE SAN ÁNGEL
MAGDALENA,NUEVA GRANADA
MAGDALENA,ARIGUANÍ
META,CABUYARO
META,SAN JUAN DE ARAMA
META,EL CALVARIO
META,MESETAS
META,URIBE
META,PUERTO LÓPEZ
META,EL DORADO
META,SAN CARLOS DE GUAROA
META,BARRANCA DE UPÍA
META,VILLAVICENCIO
META,PUERTO RICO
META,CASTILLA LA NUEVA
META,PUERTO LLERAS
META,CUMARAL
META,PUERTO GAITÁN
META,PUERTO CONCORDIA
META,SAN MARTÍN
META,MAPIRIPÁN
META,ACACÍAS
META,GUAMAL
META,CUBARRAL
META,SAN JUANITO
META,VISTAHERMOSA
META,GRANADA
META,LA MACARENA
META,EL CASTILLO
META,LEJANÍAS
META,FUENTEDEORO
NARIÑO,TAMINANGO
NARIÑO,SAN PEDRO DE CARTAGO
NARIÑO,CONTADERO
NARIÑO,POLICARPA
NARIÑO,SAN LORENZO
NARIÑO,ARBOLEDA
NARIÑO,SAMANIEGO
NARIÑO,CUASPÚD
NARIÑO,ROBERTO PAYÁN
NARIÑO,PASTO
NARIÑO,CUMBAL
NARIÑO,OSPINA
NARIÑO,EL CHARCO
NARIÑO,POTOSÍ
NARIÑO,PUPIALES
NARIÑO,LEIVA
NARIÑO,ALBÁN
NARIÑO,MALLAMA
NARIÑO,PUERRES
NARIÑO,OLAYA HERRERA
NARIÑO,MOSQUERA
NARIÑO,CONSACÁ
NARIÑO,LINARES
NARIÑO,IMUÉS
NARIÑO,EL TABLÓN DE GÓMEZ
NARIÑO,ILES
NARIÑO,LA FLORIDA
NARIÑO,GUACHUCAL
NARIÑO,LA TOLA
NARIÑO,RICAURTE
NARIÑO,TÚQUERRES
NARIÑO,SAN ANDRÉS DE TUMACO
NARIÑO,LA LLANADA
NARIÑO,FRANCISCO PIZARRO
NARIÑO,SANDONÁ
NARIÑO,ANCUYÁ
NARIÑO,FUNES
NARIÑO,BARBACOAS
NARIÑO,LOS ANDES
NARIÑO,BELÉN
NARIÑO,IPIALES
NARIÑO,SANTACRUZ
NARIÑO,SAN BERNARDO
NARIÑO,EL PEÑOL
NARIÑO,EL TAMBO
NARIÑO,EL ROSARIO
NARIÑO,CUMBITARA
NARIÑO,CHACHAGÜÍ
NARIÑO,ALDANA
NARIÑO,MAGÜÍ
NARIÑO,TANGUA
NARIÑO,GUAITARILLA
NARIÑO,BUESACO
NARIÑO,YACUANQUER
NARIÑO,NARIÑO
NARIÑO,SAN PABLO
NARIÑO,LA CRUZ
NARIÑO,GUALMATÁN
NARIÑO,SAPUYES
NORTE DE SANTANDER,GRAMALOTE
NORTE DE SANTANDER,LABATECA
NORTE DE SANTANDER,RAGONVALIA
NORTE DE SANTANDER,CÁCOTA
NORTE DE SANTANDER,CUCUTILLA
NORTE DE SANTANDER,TIBÚ
NORTE DE SANTANDER,VILLA CARO
NORTE DE SANTANDER,EL CARMEN
NORTE DE SANTANDER,EL ZULIA
NORTE DE SANTANDER,HERRÁN
NORTE DE SANTANDER,ÁBREGO
NORTE DE SANTANDER,SARDINATA
NORTE DE SANTANDER,EL TARRA
NORTE DE SANTANDER,SAN CAYETANO
NORTE DE SANTANDER,CHITAGÁ
NORTE DE SANTANDER,CÁCHIRA
NORTE DE SANTANDER,ARBOLEDAS
NORTE DE SANTANDER,SILOS
NORTE DE SANTANDER,LOURDES
NORTE DE SANTANDER,PAMPLONITA
NORTE DE SANTANDER,OCAÑA
NORTE DE SANTANDER,CHINÁCOTA
NORTE DE SANTANDER,VILLA DEL ROSARIO
NORTE DE SANTANDER,TOLEDO
NORTE DE SANTANDER,SAN CALIXTO
NORTE DE SANTANDER,PAMPLONA
NORTE DE SANTANDER,CONVENCIÓN
NORTE DE SANTANDER,LOS PATIOS
NORTE DE SANTANDER,TEORAMA
NORTE DE SANTANDER,BOCHALEMA
NORTE DE SANTANDER,SALAZAR
NORTE DE SANTANDER,MUTISCUA
NORTE DE SANTANDER,PUERTO SANTANDER
NORTE DE SANTANDER,DURANIA
NORTE DE SANTANDER,CÚCUTA
NORTE DE SANTANDER,BUCARASICA
NORTE DE SANTANDER,LA ESPERANZA
NORTE DE SANTANDER,LA PLAYA
NORTE DE SANTANDER,HACARÍ
PUTUMAYO,SAN FRANCISCO
PUTUMAYO,PUERTO LEGUÍZAMO
PUTUMAYO,ORITO
PUTUMAYO,PUERTO ASÍS
PUTUMAYO,COLÓN
PUTUMAYO,SANTIAGO
PUTUMAYO,MOCOA
PUTUMAYO,VILLAGARZÓN
PUTUMAYO,PUERTO CAICEDO
PUTUMAYO,SIBUNDOY
PUTUMAYO,PUERTO GUZMÁN
PUTUMAYO,VALLE DEL GUAMUEZ
QUINDIO,ARMENIA
QUINDIO,FILANDIA
QUINDIO,MONTENEGRO
QUINDIO,SALENTO
QUINDIO,CIRCASIA
QUINDIO,CÓRDOBA
QUINDIO,GÉNOVA
QUINDIO,CALARCÁ
QUINDIO,PIJAO
QUINDIO,QUIMBAYA
QUINDIO,LA TEBAIDA
RISARALDA,SANTUARIO
RISARALDA,MISTRATÓ
RISARALDA,LA VIRGINIA
RISARALDA,PUEBLO RICO
RISARALDA,APÍA
RISARALDA,MARSELLA
RISARALDA,BALBOA
RISARALDA,BELÉN DE UMBRÍA
RISARALDA,SANTA ROSA DE CABAL
RISARALDA,GUÁTICA
RISARALDA,LA CELIA
RISARALDA,QUINCHÍA
RISARALDA,PEREIRA
RISARALDA,DOSQUEBRADAS
SAN ANDRES,PROVIDENCIA
SANTANDER,GALÁN
SANTANDER,CABRERA
SANTANDER,ENCISO
SANTANDER,GÜEPSA
SANTANDER,SANTA HELENA DEL OPÓN
SANTANDER,LOS SANTOS
SANTANDER,GUACA
SANTANDER,SABANA DE TORRES
SANTANDER,JESÚS MARÍA
SANTANDER,VALLE DE SAN JOSÉ
SANTANDER,COROMORO
SANTANDER,CEPITÁ
SANTANDER,EL GUACAMAYO
SANTANDER,TONA
SANTANDER,ONZAGA
SANTANDER,GUAPOTÁ
SANTANDER,OIBA
SANTANDER,CAPITANEJO
SANTANDER,MOGOTES
SANTANDER,BARBOSA
SANTANDER,GÁMBITA
SANTANDER,BUCARAMANGA
SANTANDER,PUENTE NACIONAL
SANTANDER,ARATOCA
SANTANDER,SURATÁ
SANTANDER,PUERTO WILCHES
SANTANDER,SAN ANDRÉS
SANTANDER,CHIPATÁ
SANTANDER,GUAVATÁ
SANTANDER,VETAS
SANTANDER,RIONEGRO
SANTANDER,BETULIA
SANTANDER,CHIMA
SANTANDER,SOCORRO
SANTANDER,SUAITA
SANTANDER,LA BELLEZA
SANTANDER,PÁRAMO
SANTANDER,FLORIÁN
SANTANDER,SAN JOSÉ DE MIRANDA
SANTANDER,SAN JOAQUÍN
SANTANDER,PALMAR
SANTANDER,VÉLEZ
SANTANDER,SANTA BÁRBARA
SANTANDER,PINCHOTE
SANTANDER,HATO
SANTANDER,ALBANIA
SANTANDER,MOLAGAVITA
SANTANDER,EL CARMEN DE CHUCURÍ
SANTANDER,CHARALÁ
SANTANDER,CIMITARRA
SANTANDER,MÁLAGA
SANTANDER,ZAPATOCA
SANTANDER,GUADALUPE
SANTANDER,OCAMONTE
SANTANDER,SAN MIGUEL
SANTANDER,PUERTO PARRA
SANTANDER,CONTRATACIÓN
SANTANDER,SAN VICENTE DE CHUCURÍ
SANTANDER,SIMACOTA
SANTANDER,CURITÍ
SANTANDER,AGUADA
SANTANDER,EL PLAYÓN
SANTANDER,LEBRIJA
SANTANDER,CARCASÍ
SANTANDER,CONFINES
SANTANDER,GIRÓN
SANTANDER,CALIFORNIA
SANTANDER,LA PAZ
SANTANDER,BARICHARA
SANTANDER,PIEDECUESTA
SANTANDER,VILLANUEVA
SANTANDER,JORDÁN
SANTANDER,FLORIDABLANCA
SANTANDER,MATANZA
SANTANDER,SAN GIL
SANTANDER,BARRANCABERMEJA
SANTANDER,PALMAS DEL SOCORRO
SANTANDER,EL PEÑÓN
SANTANDER,CHARTA
SANTANDER,MACARAVITA
SANTANDER,CONCEPCIÓN
SANTANDER,SAN BENITO
SANTANDER,ENCINO
SANTANDER,LANDÁZURI
SANTANDER,CERRITO
SUCRE,COROZAL
SUCRE,MORROA
SUCRE,PALMITO
SUCRE,CAIMITO
SUCRE,BUENAVISTA
SUCRE,SAMPUÉS
SUCRE,SAN MARCOS
SUCRE,SANTIAGO DE TOLÚ
SUCRE,EL ROBLE
SUCRE,GALERAS
SUCRE,SAN BENITO ABAD
SUCRE,CHALÁN
SUCRE,SAN ONOFRE
SUCRE,GUARANDA
SUCRE,SAN JUAN DE BETULIA
SUCRE,COLOSÓ
SUCRE,MAJAGUAL
SUCRE,SINCELEJO
SUCRE,OVEJAS
SUCRE,COVEÑAS
SUCRE,LOS PALMITOS
SUCRE,SUCRE
SUCRE,TOLÚ VIEJO
SUCRE,SAN LUIS DE SINCÉ
TOLIMA,SANTA ISABEL
TOLIMA,MURILLO
TOLIMA,FALAN
TOLIMA,VILLARRICA
TOLIMA,FRESNO
TOLIMA,VILLAHERMOSA
TOLIMA,DOLORES
TOLIMA,ALVARADO
TOLIMA,COYAIMA
TOLIMA,FLANDES
TOLIMA,CASABIANCA
TOLIMA,NATAGAIMA
TOLIMA,SAN SEBASTIÁN DE MARIQUITA
TOLIMA,CAJAMARCA
TOLIMA,IBAGUÉ
TOLIMA,ALPUJARRA
TOLIMA,CUNDAY
TOLIMA,HERVEO
TOLIMA,RIOBLANCO
TOLIMA,GUAMO
TOLIMA,ANZOÁTEGUI
TOLIMA,ICONONZO
TOLIMA,COELLO
TOLIMA,RONCESVALLES
TOLIMA,ARMERO
TOLIMA,SALDAÑA
TOLIMA,ROVIRA
TOLIMA,PRADO
TOLIMA,VENADILLO
TOLIMA,MELGAR
TOLIMA,PIEDRAS
TOLIMA,AMBALEMA
TOLIMA,PLANADAS
TOLIMA,SAN ANTONIO
TOLIMA,PALOCABILDO
TOLIMA,VALLE DE SAN JUAN
TOLIMA,SAN LUIS
TOLIMA,ATACO
TOLIMA,CARMEN DE APICALÁ
TOLIMA,LÉRIDA
TOLIMA,SUÁREZ
TOLIMA,ORTEGA
TOLIMA,CHAPARRAL
TOLIMA,HONDA
TOLIMA,ESPINAL
TOLIMA,PURIFICACIÓN
TOLIMA,LÍBANO
VALLE,RIOFRÍO
VALLE,TORO
VALLE,ULLOA
VALLE,EL CERRITO
VALLE,GUADALAJARA DE BUGA
VALLE,LA VICTORIA
VALLE,CALI
VALLE,ROLDANILLO
VALLE,ARGELIA
VALLE,CALIMA
VALLE,DAGUA
VALLE,GUACARÍ
VALLE,ANDALUCÍA
VALLE,EL CAIRO
VALLE,VIJES
VALLE,SEVILLA
VALLE,EL ÁGUILA
VALLE,YUMBO
VALLE,RESTREPO
VALLE,ALCALÁ
VALLE,SAN PEDRO
VALLE,BOLÍVAR
VALLE,FLORIDA
VALLE,CARTAGO
VALLE,TULUÁ
VALLE,YOTOCO
VALLE,LA UNIÓN
VALLE,VERSALLES
VALLE,OBANDO
VALLE,ZARZAL
VALLE,CANDELARIA
VALLE,PALMIRA
VALLE,LA CUMBRE
VALLE,ANSERMANUEVO
VALLE,CAICEDONIA
VALLE,BUGALAGRANDE
VALLE,PRADERA
VALLE,EL DOVIO
VALLE,JAMUNDÍ
VALLE,TRUJILLO
VALLE,GINEBRA
VALLE,BUENAVENTURA
VAUPES,CARURÚ
VAUPES,YAVARATÉ
VAUPES,TARAIRA
VAUPES,PACOA
VAUPES,MITÚ
VICHADA,LA PRIMAVERA
VICHADA,SANTA ROSALÍA
VICHADA,PUERTO CARREÑO
VICHADA,CUMARIBO
